Min,Max,Mean,Median,PeakToPeak,RMS,Std,Var,Type
0.494754876662061,1.04211272623846,0.828786749668141,0.867594861044877,0.547357849576404,0.844188280154746,0.163360349034761,0.0266866036367591,bt
-0.918020002806708,1.07103619965504,0.122663207099753,0.245672309196014,1.98905620246175,0.749379607627342,0.752357781639058,0.566042231592844,bt
-1.05053371416675,-0.632672241813772,-0.886214427684589,-0.939032887720735,0.417861472352981,0.89574434247114,0.132621311278873,0.0175884122053277,bt
-0.984914674284699,0.171455501171796,-0.6543856768963,-0.717986543446756,1.1563701754565,0.720288498944799,0.306317547650927,0.093830439998878,bt
-1.0409797640326,0.475211206041622,-0.379652876609536,-0.530341385982833,1.51619097007422,0.624048079966982,0.504044048613132,0.254060402942317,bt
-1.02758387967604,0.726379942746289,-0.367612656381774,-0.445432503828719,1.75396382242233,0.642957874892584,0.536836538997387,0.288193469602693,bt
-1.11362412180154,0.895765623849516,-0.355238147389029,-0.621967712408664,2.00938974565106,0.728313231986073,0.647057478492408,0.418683380472953,bt
0.493096374930033,1.06843354028826,0.810800894042512,0.862249451402573,0.57533716535823,0.827348658324274,0.16755848306043,0.0280758452455125,bt
-0.388283164179689,1.06027449414163,0.43810199128374,0.518740597269083,1.44855765832132,0.646463375284687,0.483789530821627,0.23405231013261,bt
0.448627049119384,1.07571339685362,0.839471913725775,0.845355900124649,0.627086347734241,0.857369649887637,0.177353466256251,0.0314542519931073,bt
-0.500439939835287,1.0619187825709,0.37062119786575,0.409418656454448,1.56235872240619,0.588818905011463,0.465643996722826,0.216824331684007,bt
0.508369950559098,1.07744517608227,0.822727114694444,0.837095000436092,0.569075225523175,0.841445166787821,0.179617832420572,0.0322625657234646,bt
0.475290566955921,1.13145341260379,0.822958557835192,0.832030658265133,0.656162845647869,0.841903370741429,0.180739990317229,0.032666944099872,bt
0.401343985450374,1.14758396167495,0.84237139372711,0.901519917946167,0.746239976224576,0.865402877432843,0.201834858563651,0.0407373101314089,bt
-1.04634209694215,0.356726073664077,-0.434183964805058,-0.45620622432093,1.40306817060623,0.613258643654251,0.440760017832896,0.194269393320055,bt
0.397825858364468,1.11210203413212,0.821431616868127,0.859526520535361,0.714276175767656,0.840553678453523,0.181426585896703,0.0329156060701339,bt
0.332495527030762,1.03027738610304,0.826976784620023,0.879739333963068,0.697781859072274,0.844709378091176,0.175219923331727,0.0307020215323764,bt
-0.451901145244413,1.02543159906025,0.375748862705576,0.417952605153649,1.47733274430467,0.581021746943595,0.451013652600956,0.203413314832455,bt
0.489386049188802,1.10593691415266,0.832992427064273,0.843164233741071,0.616550864963856,0.850441886441696,0.174425131439417,0.0304241264776579,bt
0.497234531542269,1.13107377245436,0.840403787848683,0.837953533684449,0.633839240912086,0.85857744816846,0.178827982821332,0.0319794474399466,bt
-1.10172868943391,0.418297329864177,-0.445130973929962,-0.461848785854063,1.52002601929809,0.631017558722872,0.455176798008883,0.20718591744562,bt
-0.879760086655983,1.06515633617007,0.415112829543873,0.577474336333072,1.94491642282605,0.692422476131955,0.564002802102424,0.318099160779386,bt
-1.05473158580457,1.08754942484907,-0.103617999717725,-0.159548249404525,2.14228101065364,0.73894871084818,0.744598326869735,0.554426668377209,bt
-1.00758538402142,1.03926995876497,-0.146354050226495,-0.315204357422866,2.04685534278638,0.725258775795293,0.722911838422058,0.522601526130759,bt
-0.616621681618859,1.1564432320198,0.48379944026922,0.562554650136594,1.77306491363866,0.682288438728962,0.489614018580432,0.23972188719048,bt
-1.02825518375459,0.475288337006148,-0.444705409071653,-0.514621554854094,1.50354352076074,0.633167097238246,0.458685719235564,0.210392589030646,bt
-0.995527003335144,1.09273696849814,0.334208199133997,0.625821736119238,2.08826397183328,0.717879743637194,0.646585260446043,0.418072499026078,bt
-1.03413401275636,1.12265924635601,0.103222632097513,0.284388784594123,2.15679325911236,0.749105602936664,0.755092815596793,0.570165160165892,bt
-1.07297431198237,1.02431850490821,-0.330734183330575,-0.55529929253827,2.09729281689058,0.699306420128747,0.627059085478972,0.393203096681725,bt
-0.533911073679766,1.013159158465,0.475910962353449,0.628255210280887,1.54707023214476,0.653007950701101,0.45504772309103,0.207068430290331,bt
-1.05131408877726,0.336321826972367,-0.531582217605924,-0.691717931320402,1.38763591574963,0.667207822879126,0.410357514868432,0.168393290008995,bt
-0.715234124088758,1.04867506233504,0.396772897520845,0.552382334809774,1.7639091864238,0.704262781267483,0.592155947524268,0.350648666188364,bt
-1.09893338023026,0.673142164539814,-0.257145832181138,-0.339696269160084,1.77207554477007,0.682415997544854,0.643302329119422,0.413837886650473,bt
-1.02573738861302,0.220698732080251,-0.513194653145762,-0.551677123884444,1.24643612069327,0.642260136513439,0.393008115018407,0.154455378470321,bt
-0.831577908867477,1.04976528725893,0.370824273650279,0.591111436467715,1.8813431961264,0.701262716589969,0.605731668456059,0.366910854170561,bt
-1.06278063881221,-0.109385341561185,-0.772753525020294,-0.877076693029619,0.953395297251022,0.818358310450591,0.274141979750029,0.0751538250612651,bt
-1.07002241389219,-0.0872340273168886,-0.729939103004958,-0.775991283361527,0.982788386575301,0.778198936751512,0.274557581841063,0.075381865746412,bt
-1.08354717451274,-0.0444227846907271,-0.752765071993172,-0.840788805306691,1.03912438982201,0.795329773292648,0.261242337243235,0.0682475587683081,bt
-1.05048295322751,0.0526578387382782,-0.649505497666081,-0.747929693048173,1.10314079196579,0.737458175243813,0.355448805502515,0.126343853333165,bt
-1.0375136366488,0.0317967390721972,-0.77815663095613,-0.909591983391152,1.069310375721,0.831248994324989,0.297487532733609,0.0884988321319302,bt
-1.07997784513674,0.716649843164617,-0.203215359961496,-0.365219476891141,1.79662768830136,0.58897836278579,0.562595130046622,0.316513280352175,bt
-0.943315379420432,0.813357633712644,-0.15857222093958,-0.2745048335357,1.75667301313308,0.57794802026683,0.565606001856873,0.319910149336517,bt
-1.15105294942523,0.0645494446639226,-0.764493787719747,-0.884104625367395,1.21560239408915,0.825560084560685,0.317122235951412,0.100566512534823,bt
-1.01957543556154,0.81262537133835,-0.343854694104024,-0.413375421065508,1.83220080689989,0.587235209070914,0.484460858780904,0.234702323690731,bt
0.130190232589023,1.0892744685314,0.773959279098874,0.799787556222723,0.959084235942381,0.804769033350071,0.224449064277621,0.0503773824550997,bt
-1.21034345782575,0.561618719035371,-0.507639261591585,-0.623913485424787,1.77196217686112,0.684881744692659,0.467882622063647,0.218914148029154,bt
-1.15607589750303,0.994283290583864,-0.150427604979081,-0.305570446349082,2.1503591880869,0.73987795787069,0.737247218613453,0.543533461353272,bt
0.0819253062667793,1.0369741044545,0.734425464834018,0.809292185110725,0.955048798187724,0.772048444020463,0.242285476468721,0.0587022521076753,bt
-0.632707224385058,0.634424983892086,0.045638527355884,0.0865332356606619,1.26713220827714,0.360714120936765,0.364148824268669,0.132604366216254,bt
-0.364792997060868,1.01199631899835,0.447052973759867,0.540091058925417,1.37678931605922,0.644665547654023,0.472696742960428,0.223442210805397,bt
-0.429859420400681,1.05202174647298,0.408679140589871,0.455148758925572,1.48188116687366,0.61525501465857,0.468053823987005,0.219074382148858,bt
-0.607111347472439,1.0728175268536,0.511391521467147,0.654913573693622,1.67992887432604,0.709155167021379,0.500000468494582,0.250000468494801,bt
-1.05699632862609,0.956734977136211,-0.289849204636941,-0.524123073620077,2.0137313057623,0.742243981676126,0.695405674004829,0.483589051438111,bt
0.630534175117186,1.14722857328678,0.902503771302429,0.922804502610807,0.516694398169591,0.910606686466164,0.123353864730651,0.0152161759439877,bt
0.137830194131205,1.06971033352153,0.821706541241881,0.897432349833709,0.93188013939033,0.853135073460063,0.233490332913407,0.0545177355640135,bt
-0.71906514650589,0.37962836933616,-0.204037043214962,-0.14545184845618,1.09869351584205,0.374982668886168,0.320181071642706,0.102515918638271,bt
-1.09755803819038,0.275079681296514,-0.603571823845681,-0.683396789001437,1.37263771948689,0.721193931536047,0.401729763023803,0.161386802499161,bt
-0.178529126770935,1.07865363100367,0.529213643301319,0.654373287472509,1.2571827577746,0.658116673307804,0.39814138674304,0.158516563837671,bt
-0.170514798552464,1.01423798845626,0.43246090686032,0.458175822548716,1.18475278700872,0.563066644561541,0.366967626900567,0.134665239193034,bt
-0.235395329974647,1.00657209828699,0.590705848514793,0.612702263636304,1.24196742826164,0.675720095354181,0.33393023148987,0.111509399502878,bt
-0.984511566642651,0.260806344495857,-0.431459084361452,-0.435457659255534,1.24531791113851,0.578166614088297,0.391675479414162,0.153409681174314,bt
-0.953125757734797,1.08154226602844,0.285396004244662,0.540399761235453,2.03466802376324,0.730578647663166,0.68443235485153,0.468447648367611,bt
0.481569557533215,1.09145636433277,0.829931127265201,0.878031345785509,0.60988680679955,0.845826814700496,0.166098336774409,0.0275886574792249,bt
-0.475033191378542,0.802835885801205,0.107124191804797,0.152141716367164,1.27786907717975,0.387002183749875,0.378462955111239,0.143234208391531,bt
-1.09065287695539,1.00477843469618,-0.209819995673224,-0.353659954752272,2.09543131165157,0.713081378727321,0.693576601006824,0.481048501464179,bt
-0.470131132341924,1.08303346073699,0.413370594639071,0.508699692978588,1.55316459307891,0.616136901411177,0.464978246429754,0.216204769652889,bt
-0.974043011186222,1.06597356140813,0.166388501951933,0.360614730558648,2.04001657259435,0.729178625165329,0.722507382084619,0.522016917166769,bt
-1.09901488505951,-0.599699900042142,-0.881904393607231,-0.888465391033831,0.499314985017371,0.889869286839015,0.12089659951402,0.0146159877740533,bt
-1.0472518835504,-0.332910571044302,-0.805880296094462,-0.837548311198161,0.714341312506093,0.83007383629043,0.202467470028943,0.0409930764199211,bt
-1.10296733805071,-0.47944519963133,-0.830620116766756,-0.87100753167912,0.62352213841938,0.848420704002919,0.175941291496067,0.030955338053304,bt
-1.19012858495257,-0.636680121542581,-0.896305037323245,-0.918419205032551,0.553448463409986,0.906902815563181,0.140685808937182,0.0197924968363094,bt
-1.04612451633575,0.838403133281718,-0.384202006716124,-0.561384500558351,1.88452764961747,0.715617119253376,0.614422019424711,0.37751441795394,bt
-1.08013313615878,1.1324332062956,0.154042195224526,0.34209751264323,2.21256634245438,0.772491819606243,0.770376155570869,0.593479421072152,bt
-0.992139934102413,1.09088070736347,0.226078830654582,0.429172635537476,2.08302064146588,0.722419472791312,0.698277714220089,0.487591766176433,bt
-0.717746332468149,1.0643244420025,0.432044027850071,0.610599326566001,1.78207077447065,0.69483382948978,0.553812379571724,0.306708151766896,bt
-0.965685554557798,0.977876355395105,-0.102352931921395,-0.292396894162529,1.9435619099529,0.717038705140147,0.722257944571062,0.521656538496016,bt
-0.419042097262078,1.01598506108328,0.290357624409953,0.199966658439721,1.43502715834536,0.505941931606111,0.421664260275603,0.177800748393772,bt
-1.06719514189882,0.491002043389827,-0.318859662925057,-0.303086063004459,1.55819718528865,0.592887415920584,0.508691461924364,0.258767003434747,bt
-1.12598260342665,0.297466485887777,-0.598665049052007,-0.670942620639993,1.42344908931443,0.699034042506191,0.367288024247468,0.134900492755609,bt
0.342321357347696,1.10633591160328,0.851848847999513,0.901681832620304,0.76401455425558,0.865894721428519,0.158078761340053,0.0249888947868054,bt
0.247032616943829,1.15987541772943,0.83306601645994,0.893970955772281,0.912842800785604,0.864543015773717,0.235253170005794,0.0553440539977751,bt
0.337159691591039,1.11343400775445,0.786751092765253,0.816553215382701,0.776274316163414,0.811850432981251,0.203854943470949,0.0415568379775437,bt
-1.0052183097015,1.01860286047262,0.0159815533698944,-0.10342329300391,2.02382117017412,0.685058454810341,0.696994584353614,0.485801450618268,bt
-0.969712515876769,-0.130096377194156,-0.591453517320478,-0.576072358835635,0.839616138682613,0.641567467910189,0.252979038457442,0.063998393898852,bt
-0.742765261167771,1.0105491292017,0.452095823991386,0.607794861010128,1.75331439036947,0.663250092840724,0.493883715922678,0.243921124853593,bt
-0.769948415643724,1.07373959817209,0.437782392325895,0.610170731757993,1.84368801381582,0.713737062491189,0.57368632447613,0.329115998890932,bt
-1.0894211339532,0.0169247944623163,-0.635627728170298,-0.753384438495936,1.10634592841552,0.716110890018423,0.335674892755374,0.112677633626332,bt
-1.12824871397741,0.0821177187347071,-0.665236885482228,-0.780780606257121,1.21036643271211,0.7575822375251,0.368894644823066,0.136083258979136,bt
-1.04409912572456,-0.136219751260375,-0.716805983467823,-0.815511588209921,0.90787937446418,0.760350092255814,0.258105868428774,0.0666186393173718,bt
-0.421465058157719,1.11709673099614,0.650261365646974,0.831580304296372,1.53856178915386,0.776119045315971,0.431198783154264,0.185932390593718,bt
0.250493726794383,1.16239610677482,0.801014489213765,0.834868623476579,0.91190237998044,0.834422102106303,0.237880893368949,0.0565873194300094,bt
-1.21613697705689,0.71350439751014,-0.481258096643704,-0.763728829272113,1.92964137456702,0.737556578191245,0.568802946138193,0.323536791535488,bt
-1.05524655603702,1.08157902375604,0.162913233242501,0.270078519895844,2.13682557979306,0.732182606574742,0.726463271767174,0.527748885226667,bt
-0.703361198838244,0.844601287491345,-0.0465924796268911,-0.0439421261213286,1.54796248632959,0.425345281046659,0.430269214710623,0.185131597127696,bt
-1.16716334113483,-0.247109193957631,-0.812755568450831,-0.849534418883425,0.920054147177201,0.83993542766624,0.215694670891687,0.0465241910510732,bt
-1.04506882634404,-0.40690739235945,-0.821597402093701,-0.896700784832975,0.638161433984592,0.841530716699288,0.185298795830799,0.0343356437363443,bt
-1.09816644740416,0.231976530398803,-0.66299170264633,-0.736976388408954,1.33014297780296,0.74351214480422,0.342486550263097,0.117297037111117,bt
-0.265338111349982,1.10582219235071,0.524646609753198,0.557775686567675,1.37116030370069,0.65459563627843,0.398389618848178,0.158714288405997,bt
-1.04216600944245,0.750362534331091,-0.286623491613446,-0.506914791020016,1.79252854377354,0.686466290814476,0.634806082086635,0.402978761854183,bt
-0.59870442902782,0.945551050416693,0.364733644573578,0.39450887266946,1.54425547944451,0.521921979296041,0.379933533127966,0.144349489595099,bt
-1.33275971010186,1.41445347289761,0.00816708423030589,0.00199246990252224,2.74721318299947,0.711777260628886,0.713042350210566,0.508429393193808,wlan
-1.56614703450869,1.69683244875883,-0.00407654916960929,0.0590812539765554,3.26297948326751,0.693550444554152,0.69481687688507,0.482770492404323,wlan
-1.89379274962599,1.6373031128319,-0.00159609758280694,0.0563192849211307,3.53109586245789,0.744180479112381,0.745550526738482,0.555845587920028,wlan
-1.74936466176863,1.92462208933812,-0.0183862972317864,-0.0325948330775079,3.67398675110674,0.73459718702359,0.7357207279948,0.541284989601198,wlan
-1.67841180523218,1.88296924593687,0.00165493313047729,0.0123759300368102,3.56138105116905,0.725078832875648,0.726413492745397,0.527676562442567,wlan
-2.2220197126107,1.49702499072214,-0.0207484302640824,0.0756389711296675,3.71904470333284,0.74479011763956,0.745873409065786,0.556327142351418,wlan
-2.24147012390153,1.77989083897715,0.00378269226149467,0.0329103321854488,4.02136096287868,0.726210331084848,0.727539098884926,0.52931314040629,wlan
-1.84700784729024,2.28747825134967,0.0139434839018206,0.0390656321459401,4.13448609863991,0.741518783277345,0.742754289769312,0.551683934970716,wlan
-1.69142187021077,1.48835119235109,-0.0244684830189165,0.00355648378288111,3.17977306256186,0.72364218626195,0.724561533081161,0.524989415220922,wlan
-2.04052671382452,1.58899406527159,-0.0243826811650902,-0.0736207862109687,3.62952077909611,0.694830971874175,0.695683033974814,0.483974883760402,wlan
-1.87838981696959,1.50424583455628,-0.0221232561251632,0.0199387695994751,3.38263565152587,0.743218829574358,0.744258869891913,0.553921265412787,wlan
-1.8134789092445,1.86308467958528,-8.84100594785785e-05,-0.0255609093864296,3.67656358882978,0.689364125879973,0.690634838561438,0.476976480234784,wlan
-2.06248857181356,1.79807933127589,0.0044794762425438,-0.0317941591964913,3.86056790308946,0.723383385764209,0.724702917447949,0.525194318557568,wlan
-2.11501875528957,2.06336457210041,0.0129756078848627,0.0296085283632456,4.17838332738998,0.729017345237348,0.73024546023843,0.533258432198836,wlan
-2.29681343109116,1.93299925088267,0.00810087924013062,0.0475796687593564,4.22981268197383,0.670526842350862,0.671713810749937,0.451199443552203,wlan
-2.21477493425513,1.99203421295112,-0.0412927984293791,0.0265204625336866,4.20680914720625,0.763543836504868,0.763831847806303,0.583439091723191,wlan
-2.11819887778982,1.8215497994851,-0.0155473906308033,0.00665297762131309,3.93974867727492,0.740182234281473,0.741383022591401,0.549648786186762,wlan
-2.1397929645012,1.88018216863741,0.00295270664965448,0.0430965403755944,4.01997513313861,0.72573072486545,0.727062460703513,0.528619821764247,wlan
-1.9136370912677,1.9021971152055,-0.00891267513953877,-0.00160411234533814,3.81583420647321,0.71093183059431,0.712186332579769,0.507209372313421,wlan
-1.54818080801116,1.85491171211837,-0.0110558864320266,-0.0406664567910877,3.40309252012953,0.694623257396001,0.695815517414975,0.48415923427547,wlan
-1.7447256797724,2.53453120590505,-0.0094687355737318,-0.075785843857424,4.27925688567745,0.744190082038019,0.74550151073597,0.555772502509614,wlan
-1.53559390588304,2.80711029527153,-0.005803661198432,-0.0906342517340052,4.34270420115457,0.742545845683507,0.743891872386971,0.553375117803393,wlan
-1.55051114471298,2.33589246545825,-0.034660003468462,-0.0551864580452718,3.88640361017122,0.669937496068204,0.670273562373513,0.44926664841688,wlan
-1.84910483360002,1.95118282438753,-0.0210347531213712,-0.0406024828804304,3.80028765798756,0.729898046380478,0.730939762228379,0.534272936006479,wlan
-1.7250281502171,1.5761532956604,0.00653883781620309,0.039566941972691,3.3011814458775,0.601632388958047,0.602705789484577,0.363254268678227,wlan
-1.5221417721405,1.89326403588119,-0.0354340345982872,-0.0922373181486873,3.41540580802169,0.756348745825704,0.756910930394286,0.572914156550344,wlan
-2.62339549531944,1.99946747160566,0.0110896166265615,0.00743263000353057,4.6228629669251,0.722477510229054,0.723723995594596,0.523776421799406,wlan
-1.46199656804319,1.79790875224046,0.00881280771515442,-0.0994751913111314,3.25990532028364,0.678880915809844,0.680075001229878,0.462502007297818,wlan
-1.69512046852107,1.7462896904464,0.000219763165335548,-0.0204402242363082,3.44141015896747,0.653308755261729,0.654512975023184,0.428387234473699,wlan
-2.23981267795416,1.73614826853107,-0.0115574712262904,-0.0197884574331707,3.97596094648524,0.726868922441685,0.728116715010232,0.530153950677291,wlan
-1.73104247673249,1.89828763483231,-0.00520290465050128,-0.0354178018249804,3.6293301115648,0.696030543664716,0.697294068104958,0.486219017414362,wlan
-2.20680258728385,2.40098094126762,0.0222429202453227,0.0181186643523608,4.60778352855147,0.749549232970789,0.7506001805191,0.563400630995306,wlan
-1.95988529823197,1.85403680599719,0.0199064215825744,0.0608059789671933,3.81392210422917,0.722826728271284,0.723884463237003,0.524008716115925,wlan
-1.79933071943004,1.85915048656214,-0.0124750866491095,0.015148329230411,3.65848120599217,0.751938075614868,0.753220455426401,0.567341054472755,wlan
-2.44298054947673,2.55151486322147,0.0186059907963103,0.0116142624776849,4.9944954126982,0.739313246642542,0.740441443837395,0.548253531752006,wlan
-1.91544350232583,1.89611396575187,-0.00199153239147594,-0.0322477918495601,3.81155746807771,0.728978505337051,0.73031952025531,0.533366601665946,wlan
-1.96895391626637,1.89018857129342,-0.0148470656752657,0.00254072230606884,3.85914248755979,0.704890884912242,0.70603355711493,0.498483383772361,wlan
-1.67314185762552,1.68456895330212,-0.0276394735886839,-0.0968835018910866,3.35771081092763,0.647479914559584,0.648082136263336,0.42001045534365,wlan
-1.67942341671794,2.51970423451496,0.0118061232562661,-0.00952898565416703,4.19912765123289,0.730789478421952,0.732041009189013,0.535884039134469,wlan
-1.64798095527035,1.97261335711402,-0.00984875867493853,0.00697448929997445,3.62059431238437,0.696654450969496,0.697868858873446,0.487020944185325,wlan
-2.19840631783843,1.8080217727824,0.00717926536770881,-0.0590690822007553,4.00642809062083,0.702552729870985,0.703811008629488,0.495349935868057,wlan
-1.59395773870303,1.75044706087805,0.00943782435463077,-0.0433510978547286,3.34440479958108,0.673414634804744,0.674589693014392,0.455071253921251,wlan
-2.10847716643317,1.91128366198494,-0.0124294912249212,-0.0214370070282392,4.01976082841811,0.731414724890358,0.732657141688339,0.536786487266927,wlan
-1.41353577691013,1.76121395927828,0.0221833143800339,-0.00515507502077876,3.17474973618841,0.678282399864079,0.679169171062398,0.461270762921585,wlan
-2.88561604128515,1.74303554577759,0.00598839285913293,0.081043864286976,4.62865158706274,0.747129105377007,0.748482259331366,0.560225692533786,wlan
-2.10376344298302,2.30651292200803,0.0307160437841035,0.0361152216994864,4.41027636499105,0.78013083428057,0.780962824624862,0.609902933446043,wlan
-1.62836431740369,2.32574722901748,-0.000480166073498848,-0.00775663695975682,3.95411154642116,0.688005397602231,0.689273443527693,0.475097879952524,wlan
-2.30004465473556,1.59385772951721,-0.00151001120530158,0.0208213310830894,3.89390238425277,0.691118018394097,0.69239031709885,0.479404351212247,wlan
-1.99914600232437,1.63586944784044,-0.00743008904244258,-0.0447108179470273,3.63501545016481,0.637106115353773,0.638237098396205,0.407346593769207,wlan
-2.13372347374804,2.11561521355764,0.0189552797543204,-0.092610413456232,4.24933868730568,0.744625362834041,0.745756197386608,0.556152305940533,wlan
-1.73417755866136,1.54991206509393,0.00385965786020128,0.0903765993890384,3.2840896237553,0.650310511135469,0.65149776626413,0.424449339447151,wlan
-1.97353770132622,2.04776558432377,0.00765051094225011,0.0014063030636675,4.02130328564999,0.69355509908215,0.694791267812403,0.482734905828366,wlan
-1.93523868594753,1.73360627003704,-0.013455715272379,0.0125723466320629,3.66884495598457,0.736981863958401,0.738217284026947,0.544964758436122,wlan
-1.75997771045208,1.57655710913989,0.00925926410451041,0.0735551127627877,3.33653481959197,0.657077932090072,0.658223774363167,0.433258537136894,wlan
-1.85750810806686,1.62641998508928,-0.00581305423276971,-0.00589060698534033,3.48392809315614,0.72663937889123,0.727955512247216,0.529919227811107,wlan
-1.84509929331308,1.37860520443976,-0.0106471293307976,0.0524901070621202,3.22370449775285,0.653086813717088,0.654203706749389,0.42798248992464,wlan
-1.48662564567465,2.61062062105007,0.0261522717641559,0.0178484759893727,4.09724626672472,0.754602654914253,0.755539477190976,0.570839901594014,wlan
-2.76587801332016,1.80327337058855,0.0136515351947579,0.00134393718071806,4.56915138390871,0.643800278464958,0.644841987240206,0.415821188507898,wlan
-2.06757737804484,1.65670837138213,0.0326085413548516,0.0797146308138481,3.72428574942696,0.702121377685279,0.70265658908779,0.493726282188488,wlan
-1.8603199187417,2.27804793365771,0.0307058906883467,0.0805299541522726,4.13836785239941,0.72508844897589,0.725773364682977,0.52674697688325,wlan
-1.51870182354755,1.77942872565446,0.0016227452534172,-0.00325552095557934,3.29813054920201,0.701970368621957,0.703262445206199,0.494578066837402,wlan
-1.58181663897156,1.42673699084638,0.0234545836960594,0.055334201037876,3.00855362981795,0.717157262224744,0.718094862074573,0.5156602309379,wlan
-1.91962600998512,1.91008319182539,0.0285587739137042,0.0605224867887502,3.82970920181052,0.713893346509432,0.714636761657533,0.510705701112366,wlan
-2.17269775121652,1.52361441238658,0.0258514660893987,0.0978098138141013,3.6963121636031,0.681610210495295,0.682375320551981,0.465636078098419,wlan
-2.31147843947172,1.8871212981081,-0.0273388159987123,-0.0239950373648132,4.19859973757981,0.679311002693364,0.680011828325208,0.462416086662192,wlan
-1.68504609095798,1.8595927670049,0.0294243782501688,0.0454810088447411,3.54463885796288,0.747559207697002,0.748356825307591,0.560037937984456,wlan
-2.13915849644568,1.80470152681554,-0.00938457968742002,0.00507010672012615,3.94386002326122,0.752184371488356,0.75351223438848,0.567780687373119,wlan
-1.58605127769101,1.79500908864587,0.0123284045774337,-0.0136921006786919,3.38106036633688,0.693044593518344,0.694212231818121,0.481930622805897,wlan
-2.13793539868399,1.96541660668019,0.0102064061852772,-0.0181896900594613,4.10335200536418,0.744269107843757,0.745570919438925,0.555875995913004,wlan
-2.34829946439197,2.1131576161084,-0.0192532133493027,0.0130319023384351,4.46145708050036,0.647621452048859,0.648528443895783,0.420589142541885,wlan
-1.89749350286425,1.97427169354784,0.00409681478004424,0.0139098575689853,3.87176519641209,0.787119079407437,0.788559310063117,0.621825785487219,wlan
-1.53755478658579,1.79589697517658,0.0155431980510191,-0.0041222943264978,3.33345176176237,0.69510902926178,0.696216215999828,0.484717019421119,wlan
-1.79997990337093,1.75281861580299,-0.024054792961383,0.0426680827313447,3.55279851917392,0.715010118102274,0.715922616804601,0.512545193252347,wlan
-1.80872403743751,1.82283559454943,-0.00979168733928064,-0.0893591933529292,3.63155963198694,0.755970597529538,0.757300560071661,0.573504138284852,wlan
-2.58840181683952,1.78584415411867,0.0146938798218981,0.0239204271615241,4.37424597095819,0.734612571741572,0.735819456749109,0.541430272930554,wlan
-2.12863472144983,2.03023845578052,-0.0384844432291968,0.0267492838198542,4.15887317723035,0.68673995740288,0.68692468030764,0.471865516415753,wlan
-2.07390450352141,1.80039269286275,-0.0251721183867024,0.0693414844561582,3.87429719638416,0.75321725474585,0.75418416238899,0.568793750798383,wlan
-1.77443909753531,1.49388341162665,0.00139636902349011,0.0236327900405895,3.26832250916196,0.631706052829871,0.632868942773958,0.400523098727828,wlan
-1.54581448031604,1.81205907648664,0.0120084763597712,0.0165675422657369,3.35787355680268,0.680501902339967,0.681650127434699,0.464646896231742,wlan
-2.41618039791001,1.78584489309129,-0.00283053186219334,0.0495356240624473,4.2020252910013,0.701065265072723,0.702351827718568,0.493298089899613,wlan
-1.79781127033782,1.79204898928604,-0.016970900208204,-0.0795792822625213,3.58986025962386,0.708817210053595,0.709920219574329,0.503986718160463,wlan
-1.42416158365991,1.85123364892538,0.00373968927877491,-0.0118600181778668,3.27539523258529,0.711839855320399,0.713142162127085,0.508571743403294,wlan
-1.84357401902947,1.94234368741422,-0.00835317514670979,-0.0795091062156265,3.78591770644369,0.753574298149101,0.754916993224152,0.569899666658594,wlan
-1.71458969046722,2.58160455052448,0.0026127655823777,-0.0017848115748271,4.2961942409917,0.724430456097504,0.725761092547029,0.526729163455058,wlan
-1.7852583637257,1.42134650163313,0.0139688696922776,0.0133451181980227,3.20660486535883,0.700497076421199,0.701648766574259,0.492310991635179,wlan
-1.91985532400695,1.64575005079327,0.00574041956637859,-0.0477461155893027,3.56560537480022,0.724593284965485,0.725906161091252,0.526939754710238,wlan
-1.94277886223322,2.18528895883597,0.00606808862272673,-0.0170948549348127,4.12806782106919,0.682404535164514,0.68363539513239,0.467357353477819,wlan
-1.88634271678611,1.75205200015044,-0.0183872795127468,-0.0334177861836839,3.63839471693655,0.639125184661697,0.640038258245626,0.409648972018094,wlan
-1.54785807411247,1.49795764928166,0.0064866258434881,0.0525621407383272,3.04581572339412,0.671540668340298,0.672747145698342,0.452588722045266,wlan
-1.53153769868486,2.49648884674669,-0.0141190562651522,-0.093583206431134,4.02802654543155,0.730865873203012,0.732076450615053,0.535935929545134,wlan
-1.66544859584919,1.17574098944803,0.0230321099190705,0.0742038508986732,2.84118958529722,0.677469188987975,0.678325631540948,0.460125662405427,wlan
-1.68644986134644,1.45536437545915,-0.0199154123815226,0.0296322244062796,3.14181423680559,0.684663947978392,0.685635758676317,0.470096393575648,wlan
-1.84819181558478,1.48440830566571,-0.0145648908542877,0.0203380601088292,3.33260012125049,0.661357718368461,0.662416117653305,0.438795112926877,wlan
-2.74002163450266,1.60796382942163,0.0103138055844435,-0.0016184192329798,4.34798546392429,0.668318501056513,0.669470690409785,0.448191005317754,wlan
-1.86481436764136,1.76065249553493,0.0139962791358203,0.00267803197880778,3.62546686317629,0.662256744471429,0.663329305875351,0.440005768033076,wlan
-2.24545268310969,1.43121439181573,-0.0210908364156335,-0.0333991423145036,3.67666707492542,0.624426223069612,0.625220296030178,0.390900418568064,wlan
-2.22465393444935,1.85179408676217,-0.00758754278071168,-0.032461797816839,4.07644802121153,0.65646097146295,0.657627107126939,0.432473412028146,wlan
-1.70614963959807,2.29488743460893,0.0148651373833535,0.039680761456091,4.001037074207,0.700937928127689,0.702072046228189,0.492905158095037,wlan
-2.17358991800405,2.17364833802255,0.0156197839264463,0.0341692559688378,4.3472382560266,0.689471612290351,0.690565249005128,0.476880363133515,wlan
-2.29605133980081,2.11818585796614,0.0148834499453106,0.0455490673154052,4.41423719776695,0.689150489148611,0.690259781179609,0.476458565514121,wlan
-0.04254471885111,0.0359815213496653,-3.34603682989522e-05,-5.04676169174877e-05,0.0785262402007753,0.00991979482108519,0.0099205457574288,9.84172281252385e-05,nr
-0.0377494365466983,0.0356336528925525,0.000163293793896344,0.000129855313837666,0.0733830894392508,0.00846601775567691,0.00846513171405471,7.16584549362948e-05,nr
-0.0351614331360295,0.0333823312164029,0.000288259482637457,0.000486353876286149,0.0685437643524325,0.00951643676228437,0.00951284415911327,9.04942039955754e-05,nr
-0.0347073423674326,0.0300822544019417,5.53206543689773e-05,0.0001312883272869,0.0647895967693743,0.00991848294115318,0.00991913591779393,9.83892573556696e-05,nr
-0.0388309353741693,0.0357941691195452,-0.00016607757640516,-0.000235572163500405,0.0746251044937145,0.00978129473841727,0.00978068069916339,9.56617149389873e-05,nr
-0.0353001443073344,0.0337482827087406,-7.19483463764629e-05,-0.000118437950126064,0.069048427016075,0.00978567710321184,0.00978620903877224,9.57698873505476e-05,nr
-0.0344454127042535,0.0339308477179869,-5.22135880832027e-05,3.77939952199372e-05,0.0683762604222405,0.00984328758913306,0.00984395024033816,9.69033563342538e-05,nr
-0.0351477460158532,0.0359194477133558,0.000263864165348201,0.000250484171833571,0.071067193729209,0.00989952043640491,0.00989680869971097,9.79468224386748e-05,nr
-0.0369482522663317,0.0358496474269579,0.000177799457765518,0.000247095894403957,0.0727978996932895,0.00991989359592222,0.0099191073233145,9.83886900914314e-05,nr
-0.0355201931328088,0.0350116260623495,0.000255541350625181,0.000381506216087366,0.0705318191951582,0.00976357657814054,0.00976102625970681,9.5277633642686e-05,nr
-0.0331499657326905,0.0358600271021068,-0.000187414818820809,-0.000261517661844036,0.0690099928347973,0.00969988508063937,0.00969886368618204,9.40679568031407e-05,nr
-0.0415496453082747,0.0346678375342847,0.000201458366711891,0.000179232044052729,0.0762174828425594,0.00839144438397457,0.00838970855437703,7.03872096273871e-05,nr
-0.0410967961860456,0.038337979178049,4.19617128994655e-05,8.62297094966835e-05,0.0794347753640946,0.00956802773191418,0.00956871445311767,9.1560296285303e-05,nr
-0.0363612941559422,0.0383924715667514,2.68657510404808e-05,0.000138057799615049,0.0747537657226936,0.00981529457205978,0.00981605666968946,9.6354968542555e-05,nr
-0.0410244473766478,0.044304274665897,4.43444214457756e-05,5.33574318718979e-05,0.0853287220425448,0.00991936628564582,0.00992007449509923,9.84078779883183e-05,nr
-0.0429087139834429,0.0343786740554517,-0.000118846741140187,-0.000113184244730303,0.0772873880388946,0.00985312184174312,0.00985320694937717,9.70856871872546e-05,nr
-0.0356466697323808,0.0393990317265967,0.000197903948368458,0.000191450411844785,0.0750457014589775,0.00984173507765124,0.00984054594469579,9.68363444896687e-05,nr
-0.0332332056848116,0.0330368915835768,0.000167006168789032,0.000115714923974476,0.0662700972683884,0.00991265201739662,0.00991205175371481,9.82487699683208e-05,nr
-0.0418401257563203,0.0369067165953399,9.82000769280874e-05,-2.87341472640793e-05,0.0787468423516602,0.00980060446352361,0.00980091011127188,9.60578390092314e-05,nr
-0.0374203683686252,0.0367579777078591,-0.000164946989231746,-0.000247379420773355,0.0741783460764843,0.00994321766254965,0.00994265859286063,9.88564598941852e-05,nr
-0.0333736672589632,0.0314135755693864,-8.59266430346716e-05,-0.000149153553835005,0.0647872428283496,0.00989441064399274,0.00989484280506131,9.79079141368735e-05,nr
-0.0304643284152619,0.0328142750651219,-0.000223355876841368,-0.000249923114483858,0.0632786034803838,0.0085348358896504,0.00853260720122806,7.28053856504489e-05,nr
-0.0362162809399299,0.0360134559647077,-8.61691373580574e-05,-0.000109847439133742,0.0722297369046376,0.00944752390190934,0.00944789983061106,8.92628112092605e-05,nr
-0.0332058742204479,0.0353837298701537,0.000156455885207747,6.67760919965038e-05,0.0685896040906016,0.00997179640001495,0.00997138044664362,9.94284280117067e-05,nr
-0.0374301946195771,0.0360868021859874,-9.36644936124419e-05,2.04470684158181e-05,0.0735169968055645,0.00982888714947202,0.00982924078911675,9.66139744904365e-05,nr
-0.041335754844327,0.0327743986261888,0.000198418769846309,0.000349141850732715,0.0741101534705159,0.00993672417606034,0.00993555153312575,9.87151842673974e-05,nr
-0.0454125527608974,0.0356720360135821,0.000116037750758879,-6.75821868063749e-05,0.0810845887744794,0.00989856939425886,0.00989869482487165,9.79841592359409e-05,nr
-0.0350825295173521,0.0348918082181511,-0.000182258560830819,0.000103895263284394,0.0699743377355032,0.00995975153383384,0.00995889426300187,9.91795749416516e-05,nr
-0.0374977240884753,0.0373302706425249,7.00333380443887e-06,5.55780751873495e-05,0.0748279947310002,0.00992237787011937,0.0099231829821608,9.84695604974458e-05,nr
-0.0349041654910142,0.0403141183684509,0.000100523096564623,-2.54166935149483e-05,0.0752182838594651,0.0099063982615579,0.00990669447158673,9.8142595353367e-05,nr
-0.0372533710487875,0.0407983800783744,0.000252163850229825,0.000308404378317154,0.0780517511271619,0.00985736336527492,0.00985493953163666,9.7119833172215e-05,nr
-0.0351739510334028,0.0359797149083012,-3.73788668291745e-06,8.59071064697099e-05,0.071153665941704,0.00837007194695191,0.00837075235361498,7.00694949655508e-05,nr
-0.0414320546469499,0.0384862649390365,0.000133381389727655,0.000132499347753703,0.0799183195859864,0.00947643974976567,0.00947627224061194,8.97997355781925e-05,nr
-0.0369354092504924,0.0349462148159606,-0.000366280520944064,-0.000315951128487036,0.071881624066453,0.00991461755111402,0.00990865580288993,9.81814598201444e-05,nr
-0.0361748772333495,0.0390321120341017,-0.000170914144334249,-0.00016009007539851,0.0752069892674512,0.0099072695767052,0.00990660144804985,9.81407522505033e-05,nr
-0.0369684119748002,0.0331985118306385,-4.11006871530336e-05,-0.000155102554314808,0.0701669238054387,0.00999808584370533,0.00999881510262211,9.99763034564239e-05,nr
-0.0375168773207416,0.0417839965155322,1.56199885278481e-05,6.65428545711719e-05,0.0793008738362738,0.00982070145617998,0.00982148834153932,9.64616332429929e-05,nr
-0.036981730150874,0.0358557218405691,-0.000243324205087836,-0.000265961890441008,0.0728374519914431,0.00972800157428525,0.00972574950846717,9.45902035014493e-05,nr
-0.0397730740408667,0.0408426055128904,-1.46884291774773e-05,9.68966510554579e-05,0.080615679553757,0.0101295087367837,0.0101303225285076,0.000102623434531589,nr
-0.0326223895704513,0.0337466093013818,-6.79242029737696e-05,-0.00023200801248886,0.0663689988718331,0.00983743105085614,0.00983799720184138,9.67861889434388e-05,nr
-0.0370721536561383,0.0385750075397491,0.000104062613718941,0.000140971343174799,0.0756471611958874,0.00990176360087823,0.00990202262406164,9.80500520474285e-05,nr
-0.0295142031439447,0.037509225122411,8.37071362351477e-05,1.139954735015e-05,0.0670234282663556,0.00831808597034122,0.00831834175189721,6.91948095013563e-05,nr
-0.0358144533639603,0.038614657669212,-0.000138073723518722,-0.000253670321681273,0.0744291110331723,0.00940532672391388,0.0094050786006841,8.84555034850459e-05,nr
-0.034049630190842,0.0345535203380717,5.57579128757561e-07,0.000158431413494916,0.0686031505289137,0.00989655888762271,0.00989736435426511,9.79578211610776e-05,nr
-0.034928960424819,0.0356449034133154,0.000169885336395482,5.28042030490291e-05,0.0705738638381344,0.00987149648058386,0.0098708378593692,9.74334400459563e-05,nr
-0.033753782839642,0.0329217917853872,-0.000278133643439956,-0.000208943279414001,0.0666755746250292,0.00996644884795676,0.00996337800964479,9.92689013630734e-05,nr
-0.0389575683223487,0.0334199038300715,-0.000115235384157744,7.30453584511216e-05,0.0723774721524202,0.00980756214036834,0.00980768331330184,9.61906519740193e-05,nr
-0.0362785903496429,0.0345527731931492,-0.000134616367466742,-6.41293793625058e-05,0.0708313635427921,0.00980730243905303,0.00980717665680332,9.61807139777479e-05,nr
-0.0335612911308538,0.0372764315152692,-4.63983061693671e-07,-2.43419664944953e-05,0.070837722646123,0.00993472897412818,0.00993553755231227,9.87149064534073e-05,nr
-0.0352587783806503,0.0366044554017927,9.63854537961915e-05,-6.9045669137126e-05,0.071863233782443,0.00979630741961762,0.0097966305262189,9.59739696672441e-05,nr
-0.0332977694200834,0.0389937683556977,-0.000181647676378864,-0.000253585268759114,0.0722915377757811,0.00988396441295798,0.00988309943127606,9.76756543684892e-05,nr
-0.0401947099971932,0.0345937287506102,6.18614146105136e-05,0.000145820346768781,0.0747884387478034,0.00835895298313256,0.00835940439141544,6.98796417792158e-05,nr
-0.0336225726161277,0.0322800186793079,0.000150247135415067,0.000216918466823449,0.0659025912954356,0.00931766549972333,0.00931721232275563,8.68104454673094e-05,nr
-0.0326256398066905,0.032651020598175,0.000230127721101163,0.000271619097574674,0.0652766604048655,0.00991103669996445,0.00990917107619886,9.81916714173761e-05,nr
-0.0384822244122341,0.0383256635673423,-9.76536829628299e-05,-0.000298714630553701,0.0768078879795765,0.00978608318310474,0.00978639238717217,9.57734759557013e-05,nr
-0.0386082182496738,0.0373163496743884,-0.000313867940767849,-0.000318609593895513,0.0759245679240622,0.0100037143454835,0.00999960311070025,9.9992062371526e-05,nr
-0.034040254875518,0.0340126416074074,1.83858190564658e-05,0.000101947464087037,0.0680528964829254,0.00984062036606318,0.00984140411849463,9.68532350235231e-05,nr
-0.0420537072146007,0.0376014371295186,-4.8139467990356e-05,-0.000147673627800669,0.0796551443441192,0.00983327496776475,0.00983395745410785,9.67067192092034e-05,nr
-0.0355283704472324,0.0360110874634732,-0.000196042620573692,-8.30531690826025e-05,0.0715394579107057,0.00968530261707462,0.00968410646674695,9.37819180592901e-05,nr
-0.0407742255335455,0.0391110267327777,-0.000149661997165333,-0.000286895404372258,0.0798852522663232,0.00983306386567458,0.00983272507264145,9.66824823541518e-05,nr
-0.0371792773879165,0.0421517681855642,-0.000233482559478171,-0.000276319071025445,0.0793310455734807,0.00998332957562016,0.00998141126783096,9.96285708975829e-05,nr
-0.0339091936706571,0.0301419943223016,5.44631550660782e-05,-2.59532599268689e-05,0.0640511879929587,0.00828274029667293,0.00828323535236136,6.8611987902609e-05,nr
-0.0380573637389286,0.0372633106474998,3.34660203185019e-05,-4.37875930242077e-06,0.0753206743864284,0.0095665706418737,0.00956729072564947,9.15330518290983e-05,nr
-0.0375572668580096,0.0318324332305163,-6.8909247498373e-05,0.000124224324487487,0.0693897000885259,0.00996114360782381,0.00996171597412,9.92357851490375e-05,nr
-0.0405985754324166,0.0399991361490675,-7.40863066048769e-06,-4.112903429e-05,0.0805977115814841,0.00983449466428016,0.00983529230441151,9.67329747132163e-05,nr
-0.0321329575608251,0.0366585943353796,0.000194997098476432,0.000131284486647621,0.0687915518962047,0.00970139870154257,0.00970022823165225,9.40944277461434e-05,nr
-0.035803831278694,0.0384456285782848,5.9352822318549e-05,8.58525263796905e-05,0.0742494598569788,0.00983760673414921,0.00983822835672037,9.67907371989768e-05,nr
-0.0358239954863868,0.0325102920954891,-0.000135241713812428,-0.000154229451501424,0.0683342875818759,0.0098290565031136,0.00982892595066422,9.66077853436406e-05,nr
-0.0326496272418582,0.0330283130178334,1.5255552458576e-05,-8.60717715729336e-05,0.0656779402596915,0.00967430215253633,0.00967507751603815,9.36071249413469e-05,nr
-0.0384140504608985,0.0339722786795441,0.000158039935947758,0.000162987273205343,0.0723863291404426,0.00976373065983799,0.00976324609225812,9.53209742579936e-05,nr
-0.0380431618615933,0.0372266269413365,0.000125041738245523,0.000101404823113326,0.0752697888029298,0.00990633901470674,0.00990635603419964,9.81358898763237e-05,nr
-0.0404549292915256,0.0343186548995502,0.000178619415475467,0.000235054798259921,0.0747735841910758,0.00823854981772681,0.00823728365181212,6.78528419604113e-05,nr
-0.0355868527103878,0.033935485608938,0.000145769685001896,-5.827657877839e-06,0.0695223383193258,0.00958470908860239,0.00958438056115436,9.18603507410335e-05,nr
-0.0386747195111306,0.034782026840026,-0.000193105986343785,-0.000118693444642312,0.0734567463511566,0.00983509181696738,0.00983399620073977,9.67074812761642e-05,nr
-0.0434166146863214,0.0355099252754003,8.89695333614225e-05,2.21495610491441e-05,0.0789265399617217,0.00986697097860606,0.00986737289710646,9.73650478905511e-05,nr
-0.04129449609271,0.0398855814758848,3.35056030766033e-05,4.98896376501089e-05,0.0811800775685948,0.00993139176654494,0.00993214356014888,9.8647475699407e-05,nr
-0.0351280875303021,0.03984349749068,-0.000176815106669238,-0.000100715676646077,0.0749715850209821,0.00989364755384842,0.00989287256186225,9.7868927525247e-05,nr
-0.0405474066298386,0.0401288846026967,-8.80447490271026e-05,5.49516362805578e-05,0.0806762912325353,0.0097782278763628,0.00977862730284171,9.56215519278814e-05,nr
-0.0387854554454268,0.0301254010195889,-0.000161957109126139,-1.58612406306237e-05,0.0689108564650157,0.00994334535408152,0.00994283547165603,9.88599772164215e-05,nr
-0.0398339964975833,0.0377141613475214,5.48660660188125e-05,8.34170299750922e-05,0.0775481578451048,0.00982035944725792,0.00982100544648771,9.64521479799413e-05,nr
-0.035184375382275,0.0380940401686693,-0.000178913079035601,-0.000358611344193171,0.0732784155509443,0.0100139650193284,0.0100131815372078,0.00010026380449708,nr
-0.0352102678296144,0.0340543257009249,-0.000199683502407609,-0.000261252959812435,0.0692645935305393,0.00843847332447301,0.00843679700827922,7.11795437589092e-05,nr
-0.0347446699250829,0.0365378513782655,-0.000265354238845998,-0.000205098387682969,0.0712825213033484,0.00951627380071523,0.00951334770792064,9.05037846117989e-05,nr
-0.0327294309233443,0.0395316839634205,-0.000138971523521591,-0.000100720700530293,0.0722611148867648,0.00985271466709251,0.00985253636293249,9.7072472782907e-05,nr
-0.0384400272557827,0.0364573280544365,-0.000106283602194871,-0.000117416709143505,0.0748973553102192,0.00981959807218393,0.00981982204033677,9.64289049038838e-05,nr
-0.0348908686390774,0.0352439773428193,0.000271027160719153,0.000332430774752465,0.0701348459818968,0.0097383762831758,0.00973539639708462,9.47779430083681e-05,nr
-0.0375336273555893,0.0421042991516875,0.000112914300085555,5.469700158597e-05,0.0796379265072768,0.00982230179441939,0.00982245214387081,9.64805661186322e-05,nr
-0.0377464841258115,0.0338520803895245,-7.32338922740629e-05,1.46470196459776e-06,0.071598564515336,0.00983125903563895,0.0098317864144668,9.6664024099694e-05,nr
-0.0390228013838453,0.0368259891238798,0.000176615359531567,0.000134745361929202,0.0758487905077251,0.00983809567542291,0.00983731082643882,9.67726842959704e-05,nr
-0.0379813689279293,0.0383827313378713,0.000191497038948256,8.52869137269049e-05,0.0763641002658005,0.00990739625983152,0.00990635160679484,9.81358021574468e-05,nr
-0.0410181022066693,0.0327921396265052,0.000125642577392809,0.000232575571821901,0.0738102418331746,0.00986462657435609,0.0098646292255947,9.7310909758457e-05,nr
-0.0381797997482098,0.030888241282711,-0.000171145795730491,-0.000113886150890093,0.0690680410309207,0.00840557165562382,0.00840451311458868,7.06358406932931e-05,nr
-0.0397551638830733,0.0395345691829326,-0.000251178372107915,-0.000187489566947468,0.0792897330660059,0.00948365321296289,0.00948109795441918,8.98912184212916e-05,nr
-0.0362083775802678,0.0357485874565211,-4.76735578412271e-06,-1.25190476805271e-05,0.0719569650367889,0.00977985564098122,0.00978065046277939,9.56611234750667e-05,nr
-0.043935329746756,0.0349697115285455,-1.65890361873337e-05,3.9031022828883e-06,0.0789050412753015,0.00978329673244416,0.00978407893062676,9.57282005207344e-05,nr
-0.0355944488994045,0.0365857689792555,0.000116620175528813,0.000214024761352456,0.0721802178786601,0.00991924276443822,0.00991936446396643,9.83937913690001e-05,nr
-0.0387178773158811,0.0363637126474553,-5.83516654643918e-05,-0.000211755451741353,0.0750815899633365,0.00988565737641199,0.00988628974097594,9.77387248425261e-05,nr
-0.0447059518955723,0.0312941488378571,0.000156124287630225,6.48900800682612e-05,0.0760001007334294,0.00982608266186104,0.00982564191808152,9.65432391023607e-05,nr
-0.0356136457378287,0.0360162603008681,1.01064801823002e-06,-3.88794292655314e-05,0.0716299060386968,0.0099770296113187,0.00997784159200113,9.95573228350677e-05,nr
-0.0398579670701346,0.035962570393118,-5.48316757811175e-05,0.000101922137743996,0.0758205374632526,0.00985959030117823,0.00986024029465258,9.72243386682905e-05,nr
-0.0638778864233947,0.0748277680739234,-0.000868880839793572,-0.000618659171815411,0.138705654497318,0.0247251209195546,0.0247420865224206,0.000612170845482946,lte
-0.0752991875418208,0.0600694855504508,0.000282224735821396,-0.000532849450537166,0.135368673092272,0.0209900805381708,0.0210155649637645,0.000441653970746204,lte
-0.0408079133532399,0.044873956385607,-3.72353800304305e-05,0.000548871779920009,0.0856818697388469,0.013590532427418,0.0136082119954264,0.000185183433712468,lte
-0.0613576824229906,0.0580826707093769,-0.000474041267709561,-0.000630296959099494,0.119440353132368,0.0207043731586446,0.0207259501990482,0.000429565011653424,lte
-0.0693544916184829,0.0760152483931163,-0.000696488711392791,0.000187644867397983,0.145369740011599,0.0245294285274462,0.0245515274561897,0.000602777500432038,lte
-0.0578444461711062,0.0705313208299742,-0.00133057556386988,-0.000192583784701759,0.12837576700108,0.0240744453079683,0.024069007538714,0.000579317123898673,lte
-0.0795558980899225,0.0914505295180413,0.00126599505449342,0.00268312147480097,0.171006427607964,0.0254796580161185,0.0254813876676112,0.000649301117467089,lte
-0.0687141201233189,0.0589752034260595,0.000233983118768718,-0.0013359765587606,0.127689323549378,0.0234602143742279,0.0234896529405688,0.000551763795268372,lte
-0.0579953607044176,0.0548041532754587,-4.78043761650535e-05,-9.36103460081064e-05,0.112799513979876,0.0157654572670191,0.0157859528155298,0.000249196306294132,lte
-0.0296840794808104,0.0323410865338658,2.61865379669903e-05,0.000919376370773378,0.0620251660146762,0.0100530484542426,0.0100661298325514,0.00010132696980578,lte
-0.0669955095265726,0.0671261458876676,-0.000326983900605034,-0.00161222378534136,0.13412165541424,0.0250599187425586,0.0250904765837952,0.000629532015201975,lte
-0.0524548742531261,0.0776726472600762,7.29797578814286e-05,-9.14761587850466e-05,0.130127521513202,0.0227683061764738,0.0227978933225024,0.000519743939944198,lte
-0.0499478774948936,0.0660523326062839,8.60888900937097e-05,-0.000750386866390474,0.116000210101178,0.0139456981577897,0.0139636260927903,0.000194982853659253,lte
-0.0401486112883825,0.041161019471755,0.000293940339908934,-0.00073688206585728,0.0813096307601375,0.0140660517552804,0.0140813271766671,0.000198283775056342,lte
-0.0238130519596944,0.0262415743158501,6.97542954581777e-05,-2.66318799233223e-06,0.0500546262755444,0.00996737741968948,0.00998013677842869,9.9603130116145e-05,lte
-0.0474021985105343,0.0541677471246872,-5.28435132292473e-05,-0.00107296547293276,0.101569945635222,0.0157537124672827,0.0157741765208537,0.000248824644911051,lte
-0.0264834304103751,0.0233663297491491,-4.41562034937864e-05,-0.000843861232539438,0.0498497601595242,0.00874800159906897,0.00875930293486158,7.67253879046747e-05,lte
-0.0309631618838242,0.0455922097180853,0.000228230124634759,-0.000118515244719205,0.0765553716019095,0.0113159722769317,0.0113284306499766,0.000128333340991329,lte
-0.0410430872799313,0.044733418157394,-0.00022122853990823,-0.000981901117601281,0.0857765054373253,0.0148711928147586,0.0148889464780872,0.000221680727227345,lte
-0.0294764537394575,0.0300462563952446,-0.000182158349821091,-0.000148101781299227,0.0595227101347021,0.011050313760653,0.0110632269025036,0.00012239498949628,lte
-0.0700479125000151,0.0640597669732811,0.000193014135552176,0.000928539149944875,0.134107679473296,0.0225709629626163,0.022599583397328,0.000510741169732785,lte
-0.0645106394482849,0.0596256609061821,-3.30553148565542e-05,-0.000839103240457869,0.124136300354467,0.0228153609789278,0.0228451026520433,0.000521898715182397,lte
-0.0552908390384456,0.0614116293589848,-0.000195323222487036,-0.000824955852975984,0.11670246839743,0.0137372729232354,0.0137538045268912,0.000189167138963932,lte
-0.0556360356454241,0.0469750959093448,0.000427598109921962,-0.000226871959931252,0.102611131554769,0.014274784573382,0.0142869938148378,0.000204118192265212,lte
-0.033805898148326,0.0304860266020078,-8.66497773390584e-05,0.000539538995152527,0.0642919247503338,0.00995357306247868,0.00996618115292879,9.9324766772993e-05,lte
-0.0467300992503892,0.0407917667815927,-0.000111193782024853,-3.38281140449879e-05,0.0875218660319819,0.0157922055007067,0.015812416540978,0.000250032516865395,lte
-0.0227844710804269,0.0196022840522896,-6.18032859687069e-05,0.000569283077452959,0.0423867551327165,0.00937938872719517,0.00939142149083287,8.81987976184774e-05,lte
-0.0403085730441427,0.0336728805937412,-0.000151120553456443,-0.00127738671898647,0.0739814536378839,0.0121415331244964,0.0121564316266911,0.000147778829894416,lte
-0.0532650745748766,0.0447063742223917,2.32424771911631e-05,0.000168609216329655,0.0979714487972683,0.0149305263493914,0.0149499870772961,0.000223502113611321,lte
-0.022283449714915,0.0268794357755067,-5.05429749272291e-05,-0.000372306220950589,0.0491628854904217,0.0105610997606385,0.0105747570073433,0.000111825485764356,lte
-0.0670660137347514,0.0916654776205892,-0.00020201569281542,-0.000829974232404905,0.158731491355341,0.0238476859402791,0.0238779416170174,0.00057015609586569,lte
-0.0534168911786385,0.0618567037466932,0.000329289697959877,0.000603211686277327,0.115273594925332,0.020356892758427,0.0203807840954328,0.000415376360344647,lte
-0.0428070494516765,0.0473790779897498,0.000145878734829901,-0.000117269569609169,0.0901861274414263,0.0139988047143928,0.0140163069041269,0.000196456859230677,lte
-0.0568916249796354,0.0688948996906036,-0.000295842211931811,-0.00038576752406965,0.125786524670239,0.015496202499076,0.0155135913966709,0.00024067151802286,lte
-0.0266952221323244,0.0225926381886949,-1.41460967693727e-05,0.0012604714824928,0.0492878603210194,0.00926398678792975,0.00927606206687401,8.6045327468499e-05,lte
-0.067829374086923,0.0562414657707145,0.000374855112952874,-0.00131277647765043,0.124070839857638,0.0176362793259322,0.0176552988021602,0.00031170957579356,lte
-0.025508169551634,0.0250424951556504,7.30754353694738e-05,-0.000156911462554174,0.0505506647072844,0.00897321680671533,0.00898462560610637,8.07234972819023e-05,lte
-0.0316188080220274,0.0453774168361154,8.49991601685509e-05,0.000218400121101234,0.0769962248581428,0.0103942241259671,0.0104074367621868,0.000108314739958917,lte
-0.0478635333936273,0.048863784226263,-5.93681964670162e-05,-0.000374600240861493,0.0967273176198903,0.0144539185538677,0.0144726535140874,0.000209457699738826,lte
-0.028016513778069,0.0350520250075674,-1.24227522819407e-05,0.000230046077248863,0.0630685387856364,0.0102556708034403,0.0102690431460212,0.000105453247134844,lte
-0.0591520688953575,0.0658480638217594,-0.000189990792326744,-9.3607467893553e-05,0.125000132717117,0.0232436604074697,0.0232732073239766,0.000541642179144796,lte
-0.0590233577954216,0.0610477325396479,-0.000144870155540493,0.000108377077644945,0.12007109033507,0.0213494349364749,0.0213767959251645,0.000456967404026128,lte
-0.0419743976181515,0.0462617610685378,0.000299748563841925,-3.27827505890825e-05,0.0882361586866893,0.0125787550713044,0.012591589083996,0.000158548115660207,lte
-0.0547142790788786,0.0592868726170753,-0.000294455671025028,0.000510893328582947,0.114001151695954,0.014541739094409,0.0145577253006702,0.000211927365929774,lte
-0.0286978528124835,0.0349238410132669,6.88043832838414e-05,0.000436466631665587,0.0636216938257505,0.0105957175802623,0.0106093174044627,0.000112557615788636,lte
-0.0592851287901624,0.0646334351140576,-3.52075115168086e-05,-0.000447816901497099,0.12391856390422,0.0155108080102493,0.0155310038962571,0.000241212082025554,lte
-0.0265696451534424,0.0252821336043201,3.70809958351757e-05,0.000323300906231165,0.0518517787577625,0.0104845227316324,0.0104981355168427,0.000110210849329995,lte
-0.0314742114314113,0.0291667399078588,-0.000388925012058254,0.0012970797974534,0.0606409513392701,0.0114261649150974,0.0114344421636865,0.000130746467594693,lte
-0.041217124282945,0.0446393201478137,3.33635193130269e-05,-0.000503203266150335,0.0858564444307587,0.0153887575717025,0.0154087980231824,0.00023743105651923,lte
-0.0238938573202511,0.0249883605786671,4.32513513741964e-05,-0.00136419138410575,0.0488822178989182,0.00961171988589724,0.0096241622033332,9.26244981160674e-05,lte
-0.0701807352052796,0.0518434583297136,-0.000247179092194282,-0.000127990301193073,0.122024193534993,0.0176306934932908,0.0176519600115487,0.000311591692249316,lte
-0.00493454214492456,0.0043085458274667,-0.000116521587541088,-3.78785242245194e-05,0.00924308797239126,0.00161197727737175,0.00160985792276591,2.59164253149216e-06,lte
-0.0384513132780008,0.0297892149832254,-0.000201417853067248,-8.14637446807485e-05,0.0682405282612262,0.00545984665904252,0.00546324840802671,2.98470831678064e-05,lte
-0.0553217916300242,0.0534578213142337,-0.000785974573068386,-0.00140287280301479,0.108779612944258,0.0184025732441086,0.0184097677597349,0.000338919548967374,lte
-0.0558725632183819,0.0546471669751531,-2.55640339235806e-05,0.000514106801038815,0.110519730193535,0.0223859817945508,0.0224151726469918,0.000502439964794449,lte
-0.0434118304464008,0.0362233112920031,0.000282069144585266,-0.000248434353680438,0.0796351417384039,0.0127819091323931,0.0127954680514891,0.000163724002656678,lte
-0.00533663689243372,0.00429288877185441,2.44556150425745e-07,8.7589656869847e-05,0.00962952566428813,0.00153159668791339,0.00153359483840792,2.3519131283914e-06,lte
-0.0329466236737051,0.0398123078368876,0.000238874146784416,1.22642938642614e-05,0.0727589315105927,0.00655920975025877,0.00656341031063792,4.30783549057882e-05,lte
-0.0383974805363174,0.0363458974436087,-0.000379525917551158,-0.000184728143303037,0.074743377979926,0.0112975655866595,0.0113059198122632,0.000127823822801325,lte
-0.00560358387602628,0.00464701748691146,-7.00805162759289e-06,-7.39302267783776e-05,0.0102506013629377,0.00152092190754098,0.00152288998404597,2.31919390350753e-06,lte
-0.0811542636673945,0.0880032774257676,0.00167995008475654,0.00245796099123241,0.169157541093162,0.0263767574378611,0.0263575466994389,0.000694720268013103,lte
-0.0683185130006395,0.0564358085720534,-0.000474714497086412,-0.000743052665836432,0.124754321572693,0.0206888935664938,0.0207104308837349,0.000428921947389961,lte
-0.0450359621188071,0.0461855215208381,0.000136608135096337,0.000620360738894109,0.0912214836396452,0.012236772974146,0.0122519739123334,0.000150110864748499,lte
-0.0462536793553511,0.0508063948890336,3.77648499121794e-06,-0.000154505363147556,0.0970600742443846,0.0152703356561375,0.0152902573570424,0.000233791970044591,lte
-0.0249707970023247,0.0294042577735727,3.50448823080172e-05,-7.65217968541355e-05,0.0543750547758974,0.0098129404621058,0.00982568007860507,9.65439890070965e-05,lte
-0.0563816780970886,0.0427689988596154,0.000184957364150497,0.000276656619718714,0.0991506769567039,0.015261248023079,0.0152800360448075,0.000233479501530616,lte
-0.0338787559552402,0.0285076454733872,9.77085853032884e-05,0.000988396118149007,0.0623864014286274,0.0102119315384215,0.0102247862886834,0.000104546254649248,lte
-0.0490846087405491,0.0412759144290151,0.000138492265632423,0.000616212194278109,0.0903605231695642,0.011023748951114,0.0110372597725169,0.000121821103286021,lte
-0.0542188180234114,0.0503442613739497,-4.90183890167497e-05,6.67692471641412e-05,0.104563079397361,0.014999459055089,0.0150189476282866,0.000225568787861217,lte
-0.0217970290614609,0.0213789623786812,-1.27036244771775e-05,0.00102843491586918,0.0431759914401421,0.00915985607974026,0.00917179750036364,8.41218693876767e-05,lte
-0.0716613583716926,0.0867597864739669,-0.000330892099871651,-0.00128416564189479,0.15842114484566,0.0233000877328569,0.0233281330359071,0.000544201790940978,lte
-0.0667451533286436,0.060427882713568,-0.000204506450712172,-0.000119960264775699,0.127173036042212,0.0218135787006122,0.0218410774781277,0.000477032665405578,lte
-0.0555149812513616,0.052040525898486,-0.000232995211391505,0.000157490596974199,0.107555507149848,0.0144604307882242,0.014477416678089,0.00020959559367101,lte
-0.0510321583320742,0.0463077462577204,0.000458143055088579,-0.000280934960563262,0.0973399045897945,0.0151862773080174,0.0151991685384928,0.00023101472426151,lte
-0.0224490348094467,0.021986728002653,4.89599136895963e-05,4.93808667176532e-05,0.0444357628120998,0.00969588915424281,0.00970841494655014,9.42533207743981e-05,lte
-0.043162926514538,0.048057467182287,-3.35472361215486e-05,-0.000800866517741574,0.0912203936968251,0.0159978278853908,0.0160186639435371,0.000256597594535974,lte
-0.0266502484981903,0.0267407250934242,4.75346877349368e-05,-0.000282589116607731,0.0533909735916146,0.0105842728265658,0.010597974527003,0.000112317064075004,lte
-0.0285529270145454,0.0294212171191518,-0.000426556215356429,5.41827824144561e-05,0.0579741441336972,0.0103167663039048,0.0103213924260477,0.000106531141612475,lte
-0.0545902707471398,0.0489256397344463,0.000459803927686861,0.000478092489604433,0.103515910481586,0.0154227149301979,0.0154359712651241,0.000238269208897737,lte
-0.0263264230221407,0.0245243995736626,-0.000122734046198667,0.000278270495232376,0.0508508225958033,0.0105202611531866,0.0105332693290831,0.000110949762759003,lte
-0.0714995238047775,0.0696341182541928,-0.000263127214073262,0.000818069066063477,0.14113364205897,0.0241847865429742,0.0242149054851734,0.00058636164765588,lte
-0.0616779462398631,0.0610624200606802,0.000250948339768598,0.000887926200287694,0.122740366300543,0.0206126572631742,0.0206380195632507,0.00042592785149312,lte
-0.0564341151796155,0.0507444704399844,-0.000288579502227303,-0.000173592544043169,0.1071785856196,0.0145282779726106,0.0145443619364124,0.000211538464137362,lte
-0.0515824101728151,0.0464484253807586,-5.55983887406546e-05,0.000276448118968979,0.0980308355535738,0.0154024507599354,0.0154224448117318,0.000237851803970913,lte
-0.024080310580265,0.0246185346272135,-1.6754673886939e-05,-0.000234941192172652,0.0486988452074784,0.00988520373162594,0.00989808606721697,9.79721077940346e-05,lte
-0.072841438579646,0.0488840927343329,0.000248017018969861,0.000461569137207454,0.121725531313979,0.0159058098523247,0.015924624793427,0.000253593674811431,lte
-0.0224591908833639,0.0243347037562983,-0.000119083155102489,-8.46696873749432e-05,0.0467938946396622,0.00941751212761339,0.00942904460775416,8.89068822150177e-05,lte
-0.0458832369196549,0.0404001348393955,-6.27395549106331e-05,-8.6934981045798e-05,0.0862833717590505,0.0108987843160341,0.010912822399536,0.000119089692723814,lte
-0.0405751250807825,0.0606999257705402,0.000256540516093761,2.28099831881923e-05,0.101275050851323,0.0161365883229568,0.0161555985940986,0.00026100336593364,lte
-0.026758033717449,0.0277991617822498,-2.28556465286526e-05,-0.00064374803906279,0.0545571954996989,0.0100197958026943,0.0100328418474272,0.000100657915535486,lte
-0.0722808822361154,0.0598039036333233,1.25930711434284e-05,0.00112480742257682,0.132084785869439,0.0254370439657731,0.0254702268259432,0.000648732454564998,lte
-0.0546323168071645,0.0553379056378139,-0.000157754652092803,-0.00037676634006074,0.109970222444978,0.0191402300239022,0.019164550010667,0.000367279977111357,lte
-0.0384688675723328,0.0435399005246875,-0.000128215881947627,-6.76781624233978e-05,0.0820087680970203,0.0126385369003537,0.0126543743102026,0.000160133189182716,lte
-0.0437604406210699,0.0433138099126971,-0.000225521730852644,-0.00107256554240429,0.087074250533767,0.0149866052476734,0.0150044580921375,0.000225133762638711,lte
-0.0224890441200241,0.0212766506111381,-1.06029986067616e-05,-0.000466819507443572,0.0437656947311622,0.00967020331602464,0.00968281355221094,9.37568782868798e-05,lte
-0.043007418347153,0.0360367000344416,-4.75975558770355e-05,-0.000713867102280805,0.0790441183815947,0.0153719723725599,0.0153919533530531,0.000236912228022563,lte
-0.0279433802538363,0.03010543202193,-7.94255685094008e-05,-0.00056598611922051,0.0580488122757663,0.0102411125334315,0.0102541650151603,0.000105147900158137,lte
-0.0340114364290622,0.0470252255267917,0.000268794872077863,-0.00013891972935041,0.0810366619558539,0.0124559289996736,0.0124692750285674,0.000155482819738055,lte
-0.0440378865144068,0.0399593837515413,-0.000362354380913236,0.000282856985205211,0.0839972702659481,0.0143217990727822,0.0143358930892989,0.000205517830667807,lte
-0.0311434614509844,0.02638668324756,-0.000107092962563168,0.000461288602797275,0.0575301446985445,0.00988344528452223,0.00989575856173756,9.79260375122021e-05,lte
